{
  "TRIAGE/4": {
    "device_avg_latencies": {
      "EDU_0": [
        0.1594079636212752,
        0.01875302137114234,
        0.017395598204078024,
        0.06372224629552106,
        0.2644783362774496
      ],
      "EDU_1": [
        0.22508906053142724,
        0.06721828075754936,
        0.05977055613151412,
        0.11712617997022996,
        0.3196836571307763
      ],
      "sensor_42": [
        0.06121937329694527,
        0.02393701910328483,
        0.0,
        0.011895705259273637,
        0.13443377235910514
      ]
    },
    "device_msg_counts": {
      "EDU_0": [
        40,
        40,
        40,
        40,
        40
      ],
      "EDU_1": [
        40,
        40,
        40,
        40,
        40
      ],
      "sensor_42": [
        1,
        1,
        1,
        1,
        1
      ]
    },
    "source_avg_latencies": {
      "5": [
        0.06121937329694527,
        0.02393701910328483,
        0.0,
        0.011895705259273637,
        0.13443377235910514
      ]
    },
    "per_band_device_latencies": {
      "0": {
        "sensor_42": [
          0.06121937329694527,
          0.02393701910328483,
          0.0,
          0.011895705259273637,
          0.13443377235910514
        ]
      },
      "1": {
        "EDU_0": [
          0.1594079636212752,
          0.01875302137114234,
          0.017395598204078024,
          0.06372224629552106,
          0.2644783362774496
        ],
        "EDU_1": [
          0.22508906053142724,
          0.06721828075754936,
          0.05977055613151412,
          0.11712617997022996,
          0.3196836571307763
        ]
      },
      "2": {},
      "3": {}
    },
    "n_runs": 5
  },
  "Strict": {
    "device_avg_latencies": {
      "EDU_0": [
        0.13699416906815004,
        0.018745340177275104,
        0.01712830453382138,
        0.05892358530552906,
        0.24432495995244546
      ],
      "EDU_1": [
        0.18973828881658344,
        0.06574691796506851,
        0.0576195476990843,
        0.11296058931343093,
        0.2946050873212713
      ],
      "sensor_42": [
        2.3718020240157047,
        0.08309877855720815,
        0.0967320841074586,
        0.3704657711309154,
        1.9437116177394733
      ]
    },
    "device_msg_counts": {
      "EDU_0": [
        40,
        40,
        40,
        40,
        40
      ],
      "EDU_1": [
        40,
        40,
        40,
        40,
        40
      ],
      "sensor_42": [
        1,
        1,
        1,
        1,
        1
      ]
    },
    "source_avg_latencies": {
      "5": [
        2.3718020240157047,
        0.08309877855720815,
        0.0967320841074586,
        0.3704657711309154,
        1.9437116177394733
      ]
    },
    "per_band_device_latencies": {
      "0": {
        "sensor_42": [
          2.3718020240157047,
          0.08309877855720815,
          0.0967320841074586,
          0.3704657711309154,
          1.9437116177394733
        ]
      },
      "1": {
        "EDU_0": [
          0.13699416906815004,
          0.018745340177275104,
          0.01712830453382138,
          0.05892358530552906,
          0.24432495995244546
        ],
        "EDU_1": [
          0.18973828881658344,
          0.06574691796506851,
          0.0576195476990843,
          0.11296058931343093,
          0.2946050873212713
        ]
      },
      "2": {},
      "3": {}
    },
    "n_runs": 5
  },
  "FIFO": {
    "device_avg_latencies": {
      "EDU_0": [
        0.15564736811837004,
        0.018745340177275104,
        0.01712830453382138,
        0.06084509453246839,
        0.26123575479383754
      ],
      "EDU_1": [
        0.22046477716480353,
        0.06574691796506851,
        0.0576195476990843,
        0.11534408281531427,
        0.3150539262963553
      ],
      "sensor_42": [
        0.3966145280781026,
        0.08309877855720815,
        0.0967320841074586,
        0.19826566197800854,
        0.44932626508042794
      ]
    },
    "device_msg_counts": {
      "EDU_0": [
        40,
        40,
        40,
        40,
        40
      ],
      "EDU_1": [
        40,
        40,
        40,
        40,
        40
      ],
      "sensor_42": [
        1,
        1,
        1,
        1,
        1
      ]
    },
    "source_avg_latencies": {
      "5": [
        0.3966145280781026,
        0.08309877855720815,
        0.0967320841074586,
        0.19826566197800854,
        0.44932626508042794
      ]
    },
    "per_band_device_latencies": {
      "0": {
        "sensor_42": [
          0.3966145280781026,
          0.08309877855720815,
          0.0967320841074586,
          0.19826566197800854,
          0.44932626508042794
        ]
      },
      "1": {
        "EDU_0": [
          0.15564736811837004,
          0.018745340177275104,
          0.01712830453382138,
          0.06084509453246839,
          0.26123575479383754
        ],
        "EDU_1": [
          0.22046477716480353,
          0.06574691796506851,
          0.0576195476990843,
          0.11534408281531427,
          0.3150539262963553
        ]
      },
      "2": {},
      "3": {}
    },
    "n_runs": 5
  },
  "WFQ": {
    "device_avg_latencies": {
      "EDU_0": [
        0.1814868130055469,
        0.051359729080233354,
        0.02961631581273988,
        0.077731007181801,
        0.28791593591284775
      ],
      "EDU_1": [
        0.2030102111471556,
        0.03461157304845836,
        0.04754983852285226,
        0.10311741908395003,
        0.29624605749537813
      ],
      "sensor_42": [
        0.06121937329694527,
        0.02393701910328483,
        0.0,
        0.011895705259273637,
        0.13443377235910514
      ]
    },
    "device_msg_counts": {
      "EDU_0": [
        40,
        40,
        40,
        40,
        40
      ],
      "EDU_1": [
        40,
        40,
        40,
        40,
        40
      ],
      "sensor_42": [
        1,
        1,
        1,
        1,
        1
      ]
    },
    "source_avg_latencies": {
      "5": [
        0.06121937329694527,
        0.02393701910328483,
        0.0,
        0.011895705259273637,
        0.13443377235910514
      ]
    },
    "per_band_device_latencies": {
      "0": {
        "sensor_42": [
          0.06121937329694527,
          0.02393701910328483,
          0.0,
          0.011895705259273637,
          0.13443377235910514
        ]
      },
      "1": {
        "EDU_0": [
          0.1814868130055469,
          0.051359729080233354,
          0.02961631581273988,
          0.077731007181801,
          0.28791593591284775
        ],
        "EDU_1": [
          0.2030102111471556,
          0.03461157304845836,
          0.04754983852285226,
          0.10311741908395003,
          0.29624605749537813
        ]
      },
      "2": {},
      "3": {}
    },
    "n_runs": 5
  },
  "DRR": {
    "device_avg_latencies": {
      "EDU_0": [
        0.15811601542740616,
        0.018745340177275104,
        0.01712830453382138,
        0.06084509453246839,
        0.2634444083389046
      ],
      "EDU_1": [
        0.22415918373979546,
        0.06606049775813518,
        0.0576195476990843,
        0.11534408281531427,
        0.3190915335270625
      ],
      "sensor_42": [
        0.15009237271697895,
        0.070555586834542,
        0.0967320841074586,
        0.19826566197800854,
        0.1994758340494558
      ]
    },
    "device_msg_counts": {
      "EDU_0": [
        40,
        40,
        40,
        40,
        40
      ],
      "EDU_1": [
        40,
        40,
        40,
        40,
        40
      ],
      "sensor_42": [
        1,
        1,
        1,
        1,
        1
      ]
    },
    "source_avg_latencies": {
      "5": [
        0.15009237271697895,
        0.070555586834542,
        0.0967320841074586,
        0.19826566197800854,
        0.1994758340494558
      ]
    },