{
  "TRIAGE/4": {
    "device_avg_latencies": {
      "EDU_0": [
        0.1594079636212752,
        0.01875302137114234,
        0.017395598204078024,
        0.06372224629552106,
        0.2644783362774496
      ],
      "EDU_1": [
        0.22508906053142724,
        0.06721828075754936,
        0.05977055613151412,
        0.11712617997022996,
        0.3196836571307763
      ],
      "sensor_42": [
        0.06121937329694527,
        0.02393701910328483,
        0.0,
        0.011895705259273637,
        0.13443377235910514
      ]
    },
    "device_msg_counts": {
      "EDU_0": [
        40,
        40,
        40,
        40,
        40
      ],
      "EDU_1": [
        40,
        40,
        40,
        40,
        40
      ],
      "sensor_42": [
        1,
        1,
        1,
        1,
        1
      ]
    },
    "source_avg_latencies": {
      "5": [
        0.06121937329694527,
        0.02393701910328483,
        0.0,
        0.011895705259273637,
        0.13443377235910514
      ]
    },
    "per_band_device_latencies": {
      "0": {
        "sensor_42": [
          0.06121937329694527,
          0.02393701910328483,
          0.0,
          0.011895705259273637,
          0.13443377235910514
        ]
      },
      "1": {
        "EDU_0": [
          0.1594079636212752,
          0.01875302137114234,
          0.017395598204078024,
          0.06372224629552106,
          0.2644783362774496
        ],
        "EDU_1": [
          0.22508906053142724,
          0.06721828075754936,
          0.05977055613151412,
          0.11712617997022996,
          0.3196836571307763
        ]
      },
      "2": {},
      "3": {}
    },
    "n_runs": 5
  },
  "WFQ": {
    "device_avg_latencies": {
      "EDU_0": [
        0.1814868130055469,
        0.051359729080233354,
        0.02961631581273988,
        0.077731007181801,
        0.28791593591284775
      ],
      "EDU_1": [
        0.2030102111471556,
        0.03461157304845836,
        0.04754983852285226,
        0.10311741908395003,
        0.29624605749537813
      ],
      "sensor_42": [
        0.06121937329694527,
        0.02393701910328483,
        0.0,
        0.011895705259273637,
        0.13443377235910514
      ]
    },
    "device_msg_counts": {
      "EDU_0": [
        40,
        40,
        40,
        40,
        40
      ],
      "EDU_1": [
        40,
        40,
        40,
        40,
        40
      ],
      "sensor_42": [
        1,
        1,
        1,
        1,
        1
      ]
    },
    "source_avg_latencies": {
      "5": [
        0.06121937329694527,
        0.02393701910328483,
        0.0,
        0.011895705259273637,
        0.13443377235910514
      ]
    },
    "per_band_device_latencies": {
      "0": {
        "sensor_42": [
          0.06121937329694527,
          0.02393701910328483,
          0.0,
          0.011895705259273637,
          0.13443377235910514
        ]
      },
      "1": {
        "EDU_0": [
          0.1814868130055469,
          0.051359729080233354,
          0.02961631581273988,
          0.077731007181801,
          0.28791593591284775
        ],
        "EDU_1": [
          0.2030102111471556,
          0.03461157304845836,
          0.04754983852285226,
          0.10311741908395003,
          0.29624605749537813
        ]
      },
      "2": {},
      "3": {}
    },
    "n_runs": 5
  }
}